name, real vulnerability,My Project,FBwFindSecBugs, FindBugs,OWASP_ZAP,PMD,SonarQube
BenchmarkTest00008.java,1,1,1,0,0,0,0
BenchmarkTest00018.java,1,1,1,1,0,0,0
BenchmarkTest00024.java,1,1,1,1,1,0,0
BenchmarkTest00025.java,1,0,1,0,1,0,0
BenchmarkTest00026.java,1,0,1,0,1,0,0
BenchmarkTest00027.java,1,1,1,1,0,0,0
BenchmarkTest00032.java,1,0,1,0,0,0,0
BenchmarkTest00033.java,1,0,1,0,1,0,0
BenchmarkTest00034.java,1,1,1,1,1,0,0
BenchmarkTest00037.java,1,1,1,1,0,0,0
BenchmarkTest00038.java,1,0,1,0,0,0,0
BenchmarkTest00039.java,1,0,1,0,0,0,0
BenchmarkTest00043.java,1,0,1,1,0,0,0
BenchmarkTest00052.java,0,0,0,0,0,0,0
BenchmarkTest00100.java,1,0,1,1,0,0,0
BenchmarkTest00101.java,1,0,1,1,0,0,0
BenchmarkTest00102.java,1,0,1,0,0,0,0
BenchmarkTest00103.java,1,0,1,0,0,0,0
BenchmarkTest00104.java,0,0,1,0,0,0,0
BenchmarkTest00105.java,0,1,1,1,0,0,0
BenchmarkTest00106.java,1,0,1,1,0,0,0
BenchmarkTest00107.java,0,0,1,1,0,0,0
BenchmarkTest00108.java,1,1,1,1,0,0,0
BenchmarkTest00109.java,1,1,1,1,0,0,0
BenchmarkTest00110.java,0,0,1,1,0,0,0
BenchmarkTest00111.java,1,0,1,1,0,0,0
BenchmarkTest00112.java,1,1,1,1,0,0,0
BenchmarkTest00113.java,0,0,1,1,0,0,0
BenchmarkTest00114.java,0,1,1,1,0,0,0
BenchmarkTest00115.java,1,0,1,1,0,0,0
BenchmarkTest00190.java,0,0,1,0,0,0,0
BenchmarkTest00191.java,0,1,1,0,0,0,0
BenchmarkTest00192.java,1,1,1,1,0,0,0
BenchmarkTest00193.java,1,1,1,1,0,0,0
BenchmarkTest00194.java,1,0,1,0,0,0,0
BenchmarkTest00195.java,1,0,1,0,0,0,0
BenchmarkTest00196.java,1,0,1,0,0,0,0
BenchmarkTest00197.java,0,0,1,0,0,0,0
BenchmarkTest00198.java,1,0,1,0,0,0,0
BenchmarkTest00199.java,1,0,1,0,0,0,0
BenchmarkTest00200.java,0,0,1,0,0,0,0
BenchmarkTest00201.java,0,0,1,0,0,0,0
BenchmarkTest00202.java,0,0,1,1,0,0,0
BenchmarkTest00203.java,1,1,1,1,0,0,0
BenchmarkTest00204.java,1,1,1,1,0,0,0
BenchmarkTest00205.java,0,0,1,1,0,0,0
BenchmarkTest00206.java,0,0,1,1,0,0,0
BenchmarkTest00328.java,1,1,1,0,0,0,0
BenchmarkTest00329.java,0,1,1,0,0,0,0
BenchmarkTest00330.java,0,0,1,0,0,0,0
BenchmarkTest00331.java,0,0,1,1,0,0,0
BenchmarkTest00332.java,0,0,1,1,0,0,0
BenchmarkTest00333.java,0,1,1,1,0,0,0
BenchmarkTest00334.java,0,0,1,1,0,0,0
BenchmarkTest00335.java,1,1,1,1,0,0,0
BenchmarkTest00336.java,0,0,1,0,0,0,0
BenchmarkTest00337.java,1,0,1,0,0,0,0
BenchmarkTest00338.java,0,0,1,0,0,0,0
BenchmarkTest00339.java,1,0,1,0,0,0,0
BenchmarkTest00340.java,0,0,1,0,0,0,0
BenchmarkTest00341.java,1,0,1,0,0,0,0
BenchmarkTest00342.java,1,0,1,1,0,0,0
BenchmarkTest00343.java,0,1,1,1,0,0,0
BenchmarkTest00344.java,0,1,1,1,0,0,0
BenchmarkTest00428.java,1,0,1,1,1,0,0
BenchmarkTest00429.java,1,1,1,1,1,0,0
BenchmarkTest00430.java,0,1,1,1,0,0,0
BenchmarkTest00431.java,1,0,1,0,1,0,0
BenchmarkTest00432.java,0,0,1,0,0,0,0
BenchmarkTest00433.java,1,0,1,0,1,0,0
BenchmarkTest00434.java,1,0,1,0,0,0,0
BenchmarkTest00435.java,1,0,1,1,0,0,0
BenchmarkTest00436.java,0,1,1,1,0,0,0
BenchmarkTest00437.java,0,1,1,1,0,0,0
BenchmarkTest00438.java,1,1,1,1,1,0,0
BenchmarkTest00439.java,1,1,1,1,1,0,0
BenchmarkTest00440.java,0,0,1,1,0,0,0
BenchmarkTest00441.java,1,1,1,1,0,0,0
BenchmarkTest00509.java,0,0,1,0,0,0,0
BenchmarkTest00510.java,1,1,1,0,0,0,0
BenchmarkTest00511.java,0,0,1,0,0,0,0
BenchmarkTest00512.java,1,1,1,1,1,0,0
BenchmarkTest00513.java,0,0,1,1,0,0,0
BenchmarkTest00514.java,0,1,1,1,1,0,0
BenchmarkTest00515.java,1,0,1,1,1,0,0
BenchmarkTest00516.java,1,1,1,1,1,0,0
BenchmarkTest00517.java,0,1,1,1,0,0,0
BenchmarkTest00518.java,1,1,1,1,0,0,0
BenchmarkTest00519.java,0,0,1,1,0,0,0
BenchmarkTest00589.java,0,0,1,0,0,0,0
BenchmarkTest00590.java,1,1,1,0,0,0,0
BenchmarkTest00591.java,1,1,1,1,0,0,0
BenchmarkTest00592.java,0,0,1,1,0,0,0
BenchmarkTest00593.java,1,1,1,1,0,0,0
BenchmarkTest00594.java,1,0,1,1,0,0,0
BenchmarkTest00595.java,1,1,1,1,0,0,0
BenchmarkTest00596.java,1,0,1,0,0,0,0
BenchmarkTest00597.java,1,0,1,0,0,0,0
BenchmarkTest00598.java,1,0,1,0,0,0,0
BenchmarkTest00599.java,0,0,1,0,0,0,0
BenchmarkTest00600.java,1,0,1,0,0,0,0
BenchmarkTest00601.java,0,1,1,1,0,0,0
BenchmarkTest00602.java,0,0,1,1,0,0,0
BenchmarkTest00603.java,1,1,1,1,0,0,0
BenchmarkTest00604.java,1,1,1,1,0,0,0
BenchmarkTest00605.java,0,1,1,1,0,0,0
BenchmarkTest00606.java,1,1,1,1,0,0,0
BenchmarkTest00672.java,0,0,1,0,0,0,0
BenchmarkTest00673.java,1,0,1,1,1,0,0
BenchmarkTest00674.java,0,0,1,1,0,0,0
BenchmarkTest00675.java,0,0,1,1,0,0,0
BenchmarkTest00676.java,0,0,1,1,0,0,0
BenchmarkTest00677.java,1,0,1,0,1,0,0
BenchmarkTest00678.java,1,0,1,0,1,0,0
BenchmarkTest00679.java,1,0,1,0,1,0,0
BenchmarkTest00680.java,0,0,1,1,0,0,0
BenchmarkTest00681.java,1,0,1,1,1,0,0
BenchmarkTest00682.java,0,0,1,1,0,0,0
BenchmarkTest00760.java,1,0,1,0,0,0,0
BenchmarkTest00761.java,1,1,1,0,0,0,0
BenchmarkTest00762.java,1,1,1,0,0,0,0
BenchmarkTest00763.java,0,1,1,1,0,0,0
BenchmarkTest00764.java,1,0,1,0,1,0,0
BenchmarkTest00765.java,1,0,1,0,1,0,0
BenchmarkTest00766.java,0,0,1,0,0,0,0
BenchmarkTest00767.java,1,0,1,0,1,0,0
BenchmarkTest00768.java,1,0,1,0,1,0,0
BenchmarkTest00769.java,1,0,1,0,0,0,0
BenchmarkTest00770.java,1,0,1,1,0,0,0
BenchmarkTest00771.java,1,0,1,1,1,0,0
BenchmarkTest00772.java,0,1,1,1,0,0,0
BenchmarkTest00773.java,0,0,1,1,0,0,0
BenchmarkTest00774.java,0,1,1,1,0,0,0
BenchmarkTest00837.java,0,0,1,0,0,0,0
BenchmarkTest00838.java,0,1,1,1,0,0,0
BenchmarkTest00839.java,1,1,1,1,1,0,0
BenchmarkTest00840.java,1,0,1,0,0,0,0
BenchmarkTest00841.java,1,0,1,0,0,0,0
BenchmarkTest00842.java,1,0,1,0,1,0,0
BenchmarkTest00843.java,1,0,1,0,1,0,0
BenchmarkTest00844.java,0,0,1,0,0,0,0
BenchmarkTest00845.java,1,0,1,0,1,0,0
BenchmarkTest00846.java,1,0,1,0,0,0,0
BenchmarkTest00847.java,1,0,1,1,0,0,0
BenchmarkTest00848.java,1,1,1,1,0,0,0
BenchmarkTest00849.java,1,0,1,1,1,0,0
BenchmarkTest00850.java,1,0,1,1,1,0,0
BenchmarkTest00851.java,0,1,1,1,0,0,0
BenchmarkTest00924.java,0,0,0,0,0,0,0
BenchmarkTest00925.java,0,0,1,1,0,0,0
BenchmarkTest00926.java,0,0,1,1,0,0,0
BenchmarkTest00927.java,0,0,1,1,0,0,0
BenchmarkTest00928.java,0,0,1,1,0,0,0
BenchmarkTest00929.java,0,0,1,1,0,0,0
BenchmarkTest00930.java,0,0,1,0,0,0,0
BenchmarkTest00931.java,0,0,0,0,0,0,0
BenchmarkTest00932.java,0,0,0,0,0,0,0
BenchmarkTest00933.java,0,0,1,0,0,0,0
BenchmarkTest00934.java,0,0,0,0,0,0,0
BenchmarkTest00935.java,0,0,0,0,0,0,0
BenchmarkTest00936.java,0,0,0,0,0,0,0
BenchmarkTest00937.java,0,0,1,1,0,0,0
BenchmarkTest00938.java,0,0,1,1,0,0,0
BenchmarkTest00939.java,0,0,1,1,0,0,0
BenchmarkTest00940.java,0,0,1,1,0,0,0
BenchmarkTest00996.java,1,1,1,0,0,0,0
BenchmarkTest00997.java,1,1,1,0,0,0,0
BenchmarkTest00998.java,1,1,1,0,0,0,0
BenchmarkTest00999.java,0,1,1,0,0,0,0
BenchmarkTest01000.java,1,1,1,0,0,0,0
BenchmarkTest01001.java,0,1,1,1,0,0,0
BenchmarkTest01002.java,1,1,1,1,0,0,0
BenchmarkTest01003.java,1,1,1,1,0,0,0
BenchmarkTest01004.java,1,1,1,1,0,0,0
BenchmarkTest01005.java,1,0,1,0,0,0,0
BenchmarkTest01006.java,1,0,1,0,0,0,0
BenchmarkTest01007.java,1,0,1,0,0,0,0
BenchmarkTest01008.java,1,0,1,0,0,0,0
BenchmarkTest01009.java,1,0,1,0,0,0,0
BenchmarkTest01010.java,0,0,1,0,0,0,0
BenchmarkTest01011.java,1,1,1,1,0,0,0
BenchmarkTest01012.java,0,1,1,1,0,0,0
BenchmarkTest01083.java,1,1,1,1,0,0,0
BenchmarkTest01084.java,1,1,1,1,0,0,0
BenchmarkTest01085.java,0,0,1,0,0,0,0
BenchmarkTest01086.java,0,0,1,0,0,0,0
BenchmarkTest01087.java,1,0,1,0,0,0,0
BenchmarkTest01088.java,1,0,1,0,0,0,0
BenchmarkTest01089.java,0,0,1,0,0,0,0
BenchmarkTest01090.java,1,1,1,1,0,0,0
BenchmarkTest01091.java,1,1,1,1,0,0,0
BenchmarkTest01092.java,0,1,1,1,0,0,0
BenchmarkTest01093.java,1,1,1,1,0,0,0
BenchmarkTest01094.java,1,1,1,1,0,0,0
BenchmarkTest01095.java,0,1,1,1,0,0,0
BenchmarkTest01096.java,0,1,1,1,0,0,0
BenchmarkTest01097.java,1,1,1,1,0,0,0
BenchmarkTest01098.java,0,1,1,1,0,0,0
BenchmarkTest01208.java,1,1,1,0,0,0,0
BenchmarkTest01209.java,1,1,1,1,1,0,0
BenchmarkTest01210.java,1,1,1,1,0,0,0
BenchmarkTest01211.java,1,1,1,1,0,0,0
BenchmarkTest01212.java,0,1,1,1,0,0,0
BenchmarkTest01213.java,0,1,1,1,0,0,0
BenchmarkTest01214.java,1,0,1,0,0,0,0
BenchmarkTest01215.java,0,0,1,0,0,0,0
BenchmarkTest01216.java,0,1,1,1,0,0,0
BenchmarkTest01217.java,0,1,1,1,0,0,0
BenchmarkTest01218.java,0,1,1,1,0,0,0
BenchmarkTest01219.java,0,1,1,1,0,0,0
BenchmarkTest01220.java,0,1,1,1,0,0,0
BenchmarkTest01221.java,1,1,1,1,0,0,0
BenchmarkTest01222.java,1,1,1,1,0,0,0
BenchmarkTest01301.java,0,1,1,0,0,0,0
BenchmarkTest01302.java,1,1,1,0,0,0,0
BenchmarkTest01303.java,0,1,1,1,0,0,0
BenchmarkTest01304.java,1,1,1,1,1,0,0
BenchmarkTest01305.java,0,1,1,1,0,0,0
BenchmarkTest01306.java,1,1,1,1,1,0,0
BenchmarkTest01307.java,0,1,1,1,0,0,0
BenchmarkTest01308.java,1,0,1,0,1,0,0
BenchmarkTest01309.java,0,0,1,0,0,0,0
BenchmarkTest01310.java,0,1,1,1,0,0,0
BenchmarkTest01311.java,1,1,1,1,1,0,0
BenchmarkTest01312.java,1,1,1,1,1,0,0
BenchmarkTest01313.java,1,1,1,1,0,0,0
BenchmarkTest01314.java,1,1,1,1,0,0,0
BenchmarkTest01315.java,0,1,1,1,0,0,0
BenchmarkTest01378.java,0,1,1,0,0,0,0
BenchmarkTest01379.java,1,1,1,0,0,0,0
BenchmarkTest01380.java,0,1,1,0,0,0,0
BenchmarkTest01381.java,1,1,1,1,1,0,0
BenchmarkTest01382.java,1,1,1,1,1,0,0
BenchmarkTest01383.java,1,1,1,1,1,0,0
BenchmarkTest01384.java,1,1,1,1,1,0,0
BenchmarkTest01385.java,0,1,1,1,0,0,0
BenchmarkTest01386.java,0,0,1,0,0,0,0
BenchmarkTest01387.java,0,0,1,0,0,0,0
BenchmarkTest01388.java,1,0,1,0,1,0,0
BenchmarkTest01389.java,0,0,1,0,0,0,0
BenchmarkTest01390.java,1,0,1,0,1,0,0
BenchmarkTest01391.java,1,1,1,1,1,0,0
BenchmarkTest01392.java,0,1,1,1,0,0,0
BenchmarkTest01393.java,0,1,1,1,0,0,0
BenchmarkTest01394.java,1,1,1,1,0,0,0
BenchmarkTest01395.java,1,1,1,1,0,0,0
BenchmarkTest01396.java,1,1,1,1,0,0,0
BenchmarkTest01459.java,0,1,1,0,0,0,0
BenchmarkTest01460.java,1,1,1,0,0,0,0
BenchmarkTest01461.java,0,1,1,0,0,0,0
BenchmarkTest01462.java,1,1,1,0,0,0,0
BenchmarkTest01463.java,1,1,1,0,0,0,0
BenchmarkTest01464.java,1,1,1,1,0,0,0
BenchmarkTest01465.java,1,0,1,0,0,0,0
BenchmarkTest01466.java,1,0,1,0,0,0,0
BenchmarkTest01467.java,0,0,1,0,0,0,0
BenchmarkTest01468.java,0,0,1,0,0,0,0
BenchmarkTest01469.java,0,0,1,0,0,0,0
BenchmarkTest01470.java,1,0,1,0,0,0,0
BenchmarkTest01471.java,1,0,1,0,0,0,0
BenchmarkTest01472.java,0,1,1,1,0,0,0
BenchmarkTest01473.java,1,1,1,1,0,0,0
BenchmarkTest01474.java,1,1,1,1,0,0,0
BenchmarkTest01475.java,1,1,1,1,0,0,0
BenchmarkTest01476.java,1,1,1,1,0,0,0
BenchmarkTest01477.java,1,1,1,1,0,0,0
BenchmarkTest01552.java,1,0,1,1,1,0,0
BenchmarkTest01553.java,0,0,1,0,0,0,0
BenchmarkTest01554.java,1,0,1,0,1,0,0
BenchmarkTest01555.java,0,0,1,0,0,0,0
BenchmarkTest01556.java,0,0,1,0,0,0,0
BenchmarkTest01557.java,1,0,1,1,1,0,0
BenchmarkTest01558.java,1,0,1,1,1,0,0
BenchmarkTest01559.java,1,0,1,1,1,0,0
BenchmarkTest01560.java,1,0,1,1,0,0,0
BenchmarkTest01620.java,1,1,1,0,0,0,0
BenchmarkTest01621.java,1,1,1,0,0,0,0
BenchmarkTest01622.java,0,1,1,0,0,0,0
BenchmarkTest01623.java,1,1,1,0,0,0,0
BenchmarkTest01624.java,1,0,1,0,0,0,0
BenchmarkTest01625.java,1,0,1,0,1,0,0
BenchmarkTest01626.java,1,1,1,1,0,0,0
BenchmarkTest01627.java,1,1,1,1,1,0,0
BenchmarkTest01628.java,0,1,1,1,0,0,0
BenchmarkTest01629.java,0,1,1,1,0,0,0
BenchmarkTest01630.java,1,1,1,1,0,0,0
BenchmarkTest01631.java,1,1,1,1,0,0,0
BenchmarkTest01712.java,1,1,1,0,1,0,0
BenchmarkTest01713.java,0,1,1,0,0,0,0
BenchmarkTest01714.java,0,1,1,0,0,0,0
BenchmarkTest01715.java,1,1,1,1,1,0,0
BenchmarkTest01716.java,1,1,1,1,1,0,0
BenchmarkTest01717.java,0,1,1,1,0,0,0
BenchmarkTest01718.java,1,1,1,1,1,0,0
BenchmarkTest01719.java,0,1,1,1,0,0,0
BenchmarkTest01720.java,1,0,1,0,0,0,0
BenchmarkTest01721.java,1,0,1,0,1,0,0
BenchmarkTest01722.java,0,0,1,0,0,0,0
BenchmarkTest01723.java,1,0,1,0,1,0,0
BenchmarkTest01724.java,1,0,1,0,1,0,0
BenchmarkTest01725.java,1,0,1,0,1,0,0
BenchmarkTest01726.java,1,0,1,0,1,0,0
BenchmarkTest01727.java,1,0,1,0,0,0,0
BenchmarkTest01728.java,1,1,1,1,0,0,0
BenchmarkTest01729.java,0,1,1,1,0,0,0
BenchmarkTest01730.java,1,1,1,1,1,0,0
BenchmarkTest01731.java,1,1,1,1,1,0,0
BenchmarkTest01732.java,0,1,1,1,0,0,0
BenchmarkTest01733.java,1,1,1,1,0,0,0
BenchmarkTest01803.java,0,0,0,0,0,0,0
BenchmarkTest01804.java,0,0,1,1,0,0,0
BenchmarkTest01805.java,0,0,1,1,0,0,0
BenchmarkTest01806.java,0,0,0,0,0,0,0
BenchmarkTest01807.java,0,0,0,0,0,0,0
BenchmarkTest01808.java,0,0,0,0,0,0,0
BenchmarkTest01809.java,0,0,1,0,0,0,0
BenchmarkTest01810.java,0,0,0,0,0,0,0
BenchmarkTest01811.java,0,0,1,0,0,0,0
BenchmarkTest01812.java,0,0,1,0,0,0,0
BenchmarkTest01813.java,0,0,0,0,0,0,0
BenchmarkTest01814.java,0,0,0,0,0,0,0
BenchmarkTest01815.java,0,0,1,1,0,0,0
BenchmarkTest01816.java,0,0,1,1,0,0,0
BenchmarkTest01817.java,0,0,1,1,0,0,0
BenchmarkTest01818.java,0,0,1,1,0,0,0
BenchmarkTest01819.java,0,0,1,1,0,0,0
BenchmarkTest01820.java,0,0,1,1,0,0,0
BenchmarkTest01877.java,0,1,1,0,0,0,0
BenchmarkTest01878.java,0,1,1,1,0,0,0
BenchmarkTest01879.java,0,1,1,1,0,0,0
BenchmarkTest01880.java,0,1,1,1,0,0,0
BenchmarkTest01881.java,1,0,1,0,0,0,0
BenchmarkTest01882.java,1,0,1,0,0,0,0
BenchmarkTest01883.java,1,0,1,0,0,0,0
BenchmarkTest01884.java,0,0,1,0,0,0,0
BenchmarkTest01885.java,0,1,1,1,0,0,0
BenchmarkTest01886.java,0,1,1,1,0,0,0
BenchmarkTest01887.java,1,1,1,1,0,0,0
BenchmarkTest01888.java,1,1,1,1,0,0,0
BenchmarkTest01889.java,1,1,1,1,0,0,0
BenchmarkTest01890.java,1,1,1,1,0,0,0
BenchmarkTest01891.java,1,1,1,1,0,0,0
BenchmarkTest01961.java,0,1,1,1,0,0,0
BenchmarkTest01962.java,1,1,1,1,0,0,0
BenchmarkTest01963.java,1,0,1,0,0,0,0
BenchmarkTest01964.java,1,0,1,0,0,0,0
BenchmarkTest01965.java,0,0,1,0,0,0,0
BenchmarkTest01966.java,0,0,1,0,0,0,0
BenchmarkTest01967.java,0,0,1,0,0,0,0
BenchmarkTest01968.java,0,0,1,0,0,0,0
BenchmarkTest01969.java,0,1,1,1,0,0,0
BenchmarkTest01970.java,1,1,1,1,0,0,0
BenchmarkTest01971.java,1,1,1,1,0,0,0
BenchmarkTest01972.java,1,1,1,1,0,0,0
BenchmarkTest01973.java,0,1,1,1,0,0,0
BenchmarkTest02087.java,1,1,1,1,0,0,0
BenchmarkTest02088.java,1,1,1,1,0,0,0
BenchmarkTest02089.java,0,1,1,1,0,0,0
BenchmarkTest02090.java,1,0,1,0,0,0,0
BenchmarkTest02091.java,1,0,1,0,0,0,0
BenchmarkTest02092.java,1,1,1,1,0,0,0
BenchmarkTest02093.java,0,1,1,1,0,0,0
BenchmarkTest02094.java,1,1,1,1,0,0,0
BenchmarkTest02095.java,0,1,1,1,0,0,0
BenchmarkTest02096.java,1,1,1,1,0,0,0
BenchmarkTest02097.java,0,1,1,1,0,0,0
BenchmarkTest02098.java,0,1,1,1,0,0,0
BenchmarkTest02099.java,1,1,1,1,0,0,0
BenchmarkTest02169.java,1,1,1,0,0,0,0
BenchmarkTest02170.java,1,1,1,0,0,0,0
BenchmarkTest02171.java,1,1,1,1,1,0,0
BenchmarkTest02172.java,0,1,1,1,0,0,0
BenchmarkTest02173.java,0,1,1,1,0,0,0
BenchmarkTest02174.java,0,0,1,0,0,0,0
BenchmarkTest02175.java,0,0,1,0,0,0,0
BenchmarkTest02176.java,0,0,1,0,0,0,0
BenchmarkTest02177.java,1,0,1,0,1,0,0
BenchmarkTest02178.java,1,0,1,0,1,0,0
BenchmarkTest02179.java,1,0,1,0,1,0,0
BenchmarkTest02180.java,0,0,1,0,0,0,0
BenchmarkTest02181.java,1,0,1,0,1,0,0
BenchmarkTest02182.java,1,0,1,0,1,0,0
BenchmarkTest02183.java,0,0,1,0,0,0,0
BenchmarkTest02184.java,0,0,1,0,0,0,0
BenchmarkTest02185.java,0,1,1,1,0,0,0
BenchmarkTest02186.java,1,1,1,1,1,0,0
BenchmarkTest02187.java,1,1,1,1,1,0,0
BenchmarkTest02188.java,0,1,1,1,0,0,0
BenchmarkTest02264.java,1,1,1,0,0,0,0
BenchmarkTest02265.java,0,1,1,0,0,0,0
BenchmarkTest02266.java,0,1,1,0,0,0,0
BenchmarkTest02267.java,0,1,1,1,0,0,0
BenchmarkTest02268.java,0,1,1,1,0,0,0
BenchmarkTest02269.java,1,1,1,1,1,0,0
BenchmarkTest02270.java,1,1,1,1,1,0,0
BenchmarkTest02271.java,0,1,1,1,0,0,0
BenchmarkTest02272.java,1,0,1,0,0,0,0
BenchmarkTest02273.java,1,0,1,0,0,0,0
BenchmarkTest02274.java,0,0,1,0,0,0,0
BenchmarkTest02275.java,1,0,1,0,1,0,0
BenchmarkTest02276.java,0,0,1,0,0,0,0
BenchmarkTest02277.java,1,0,1,0,1,0,0
BenchmarkTest02278.java,0,0,1,0,0,0,0
BenchmarkTest02279.java,0,0,1,0,0,0,0
BenchmarkTest02280.java,0,0,1,0,0,0,0
BenchmarkTest02281.java,1,0,1,0,1,0,0
BenchmarkTest02282.java,0,0,1,0,0,0,0
BenchmarkTest02283.java,0,1,1,1,0,0,0
BenchmarkTest02284.java,1,1,1,1,1,0,0
BenchmarkTest02285.java,0,1,1,1,0,0,0
BenchmarkTest02286.java,1,1,1,1,0,0,0
BenchmarkTest02287.java,1,1,1,1,0,0,0
BenchmarkTest02288.java,1,1,1,1,0,0,0
BenchmarkTest02353.java,0,1,1,1,0,0,0
BenchmarkTest02354.java,1,1,1,1,0,0,0
BenchmarkTest02355.java,1,1,1,1,0,0,0
BenchmarkTest02356.java,1,0,1,0,0,0,0
BenchmarkTest02357.java,1,0,1,0,0,0,0
BenchmarkTest02358.java,1,0,1,0,0,0,0
BenchmarkTest02359.java,1,0,1,0,0,0,0
BenchmarkTest02360.java,1,0,1,0,0,0,0
BenchmarkTest02361.java,0,0,1,0,0,0,0
BenchmarkTest02362.java,1,0,1,0,0,0,0
BenchmarkTest02363.java,0,0,1,0,0,0,0
BenchmarkTest02364.java,1,1,1,1,0,0,0
BenchmarkTest02365.java,0,1,1,1,0,0,0
BenchmarkTest02366.java,0,1,1,1,0,0,0
BenchmarkTest02367.java,0,1,1,1,0,0,0
BenchmarkTest02368.java,0,1,1,1,0,0,0
BenchmarkTest02369.java,1,1,1,1,0,0,0
BenchmarkTest02449.java,1,0,1,0,0,0,0
BenchmarkTest02450.java,0,0,1,1,0,0,0
BenchmarkTest02451.java,1,0,1,0,0,0,0
BenchmarkTest02452.java,0,0,1,0,0,0,0
BenchmarkTest02453.java,1,0,1,0,1,0,0
BenchmarkTest02454.java,1,0,1,1,0,0,0
BenchmarkTest02455.java,1,0,1,1,0,0,0
BenchmarkTest02456.java,0,0,1,1,0,0,0
BenchmarkTest02528.java,1,1,1,0,0,0,0
BenchmarkTest02529.java,0,1,1,0,0,0,0
BenchmarkTest02530.java,1,1,1,0,0,0,0
BenchmarkTest02531.java,1,1,1,1,1,0,0
BenchmarkTest02532.java,1,1,1,1,1,0,0
BenchmarkTest02533.java,1,1,1,1,1,0,0
BenchmarkTest02534.java,1,1,1,1,1,0,0
BenchmarkTest02535.java,1,1,1,1,1,0,0
BenchmarkTest02536.java,0,0,1,0,0,0,0
BenchmarkTest02537.java,1,0,1,0,0,0,0
BenchmarkTest02538.java,0,0,1,0,0,0,0
BenchmarkTest02539.java,0,0,1,0,0,0,0
BenchmarkTest02540.java,0,0,1,0,0,0,0
BenchmarkTest02541.java,0,1,1,1,0,0,0
BenchmarkTest02542.java,1,1,1,1,1,0,0
BenchmarkTest02543.java,1,1,1,1,1,0,0
BenchmarkTest02544.java,0,1,1,1,0,0,0
BenchmarkTest02545.java,1,1,1,1,0,0,0
BenchmarkTest02546.java,0,1,1,1,0,0,0
BenchmarkTest02625.java,1,1,1,0,0,0,0
BenchmarkTest02626.java,0,1,1,0,0,0,0
BenchmarkTest02627.java,1,1,1,0,0,0,0
BenchmarkTest02628.java,1,1,1,0,0,0,0
BenchmarkTest02629.java,0,1,1,0,0,0,0
BenchmarkTest02630.java,1,1,1,0,0,0,0
BenchmarkTest02631.java,0,1,1,1,0,0,0
BenchmarkTest02632.java,1,1,1,1,1,0,0
BenchmarkTest02633.java,0,1,1,1,0,0,0
BenchmarkTest02634.java,0,1,1,1,0,0,0
BenchmarkTest02635.java,1,1,1,1,1,0,0
BenchmarkTest02636.java,0,1,1,1,0,0,0
BenchmarkTest02637.java,0,1,1,1,0,0,0
BenchmarkTest02638.java,1,0,1,0,0,0,0
BenchmarkTest02639.java,0,0,1,0,0,0,0
BenchmarkTest02640.java,0,0,1,0,0,0,0
BenchmarkTest02641.java,1,0,1,0,1,0,0
BenchmarkTest02642.java,1,0,1,0,1,0,0
BenchmarkTest02643.java,1,0,1,0,1,0,0
BenchmarkTest02644.java,1,0,1,0,1,0,0
BenchmarkTest02645.java,1,0,1,0,1,0,0
BenchmarkTest02646.java,1,0,1,0,0,0,0
BenchmarkTest02647.java,1,1,1,1,0,0,0
BenchmarkTest02648.java,0,1,1,1,0,0,0
BenchmarkTest02649.java,1,1,1,1,1,0,0
BenchmarkTest02650.java,1,1,1,1,1,0,0
BenchmarkTest02651.java,1,1,1,1,1,0,0
BenchmarkTest02652.java,0,1,1,1,0,0,0
BenchmarkTest02653.java,1,1,1,1,1,0,0
BenchmarkTest02654.java,1,1,1,1,0,0,0
BenchmarkTest02655.java,1,1,1,1,0,0,0
BenchmarkTest02656.java,1,1,1,1,0,0,0
BenchmarkTest02657.java,0,1,1,1,0,0,0
BenchmarkTest02727.java,0,0,1,1,0,0,0
BenchmarkTest02728.java,0,0,1,1,0,0,0
BenchmarkTest02729.java,0,0,1,1,0,0,0
BenchmarkTest02730.java,0,0,1,1,0,0,0
BenchmarkTest02731.java,0,0,0,0,0,0,0
BenchmarkTest02732.java,0,0,0,0,0,0,0
BenchmarkTest02733.java,0,0,0,0,0,0,0
BenchmarkTest02734.java,0,0,0,0,0,0,0
BenchmarkTest02735.java,0,0,0,0,0,0,0
BenchmarkTest02736.java,0,0,1,0,0,0,0
BenchmarkTest02737.java,0,0,0,0,0,0,0
BenchmarkTest02738.java,0,0,1,1,0,0,0
BenchmarkTest02739.java,0,0,1,1,0,0,0
BenchmarkTest02740.java,0,0,1,1,0,0,0
