"SqlInjection","BenchmarkTest00001.java","false"
"XSS","BenchmarkTest00001.java","false"
"PathTraver","BenchmarkTest00001.java","true"
"SecureCookie","BenchmarkTest00001.java","false"
"SqlInjection","BenchmarkTest00013.java","false"
"XSS","BenchmarkTest00013.java","true"
"PathTraver","BenchmarkTest00013.java","false"
"SecureCookie","BenchmarkTest00013.java","false"
"SqlInjection","BenchmarkTest00016.java","false"
"XSS","BenchmarkTest00016.java","false"
"PathTraver","BenchmarkTest00016.java","false"
"SecureCookie","BenchmarkTest00016.java","false"
"SqlInjection","BenchmarkTest00033.java","false"
"XSS","BenchmarkTest00033.java","false"
"PathTraver","BenchmarkTest00033.java","false"
"SecureCookie","BenchmarkTest00033.java","false"
